Description,Value,# Days in Inventory
Timing Belts,34.95,8
Fan Belt,3.59,27
Fan Belt,3.59,34
Fan Belt,3.59,18
Bearings,43.25,3
Bearings,43.25,17
Fan Belt,3.59,29
Bearings,43.25,7
Bearings,43.25,6
Bearings,43.25,23
Bearings,43.25,21
Bearings,43.25,1
Timing Belts,34.95,7
Bearings,43.25,7
Air Filters,2.25,28
Bearings,43.25,22
Timing Belts,34.95,22
Air Filters,2.25,13
Air Filters,2.25,5
Air Filters,2.25,16
Timing Belts,34.95,31
Fan Belt,3.59,11
Bearings,43.25,36
Bearings,43.25,28
Air Filters,2.25,36
Fan Belt,3.59,38
Fan Belt,3.59,34
Bearings,43.25,39
Air Filters,2.25,21
Fan Belt,3.59,7
Bearings,43.25,34
Timing Belts,34.95,20
Fan Belt,3.59,5
Air Filters,2.25,25
Fan Belt,3.59,35
Air Filters,2.25,5
Air Filters,2.25,23
Air Filters,2.25,31
Fan Belt,3.59,9
Timing Belts,34.95,18
Fan Belt,3.59,31
Bearings,43.25,16
Bearings,43.25,6
Fan Belt,3.59,38
Bearings,43.25,2
Fan Belt,3.59,39
Fan Belt,3.59,15
Fan Belt,3.59,7
Air Filters,2.25,22
Air Filters,2.25,1
Air Filters,2.25,40
Timing Belts,34.95,4
Bearings,43.25,22
Fan Belt,3.59,23
Bearings,43.25,7
Bearings,43.25,5
Bearings,43.25,2
Air Filters,2.25,3
Bearings,43.25,25
Air Filters,2.25,16
Bearings,43.25,7
Bearings,43.25,26
Air Filters,2.25,30
Fan Belt,3.59,22
Bearings,43.25,1
Fan Belt,3.59,25
Bearings,43.25,38
Fan Belt,3.59,23
Bearings,43.25,22
Fan Belt,3.59,39
Fan Belt,3.59,34
Timing Belts,34.95,12
Bearings,43.25,14
Fan Belt,3.59,5
Air Filters,2.25,23
Bearings,43.25,37
Bearings,43.25,5
Fan Belt,3.59,24
Bearings,43.25,33
Air Filters,2.25,25
Fan Belt,3.59,32
Timing Belts,34.95,13
Air Filters,2.25,16
Fan Belt,3.59,26
Air Filters,2.25,25
Electronic Board,125,35
Timing Belts,34.95,21
Bearings,43.25,32
Air Filters,2.25,9
Timing Belts,34.95,23
Bearings,43.25,2
Fan Belt,3.59,14
Bearings,43.25,31
Bearings,43.25,3
Bearings,43.25,38
Timing Belts,34.95,35
Air Filters,2.25,14
Air Filters,2.25,23
Air Filters,2.25,3
Air Filters,2.25,29
Bearings,43.25,39
Fan Belt,3.59,9
Electronic Board,125,25
Bearings,43.25,33
Air Filters,2.25,29
Bearings,43.25,29
Timing Belts,34.95,2
Air Filters,2.25,3
Air Filters,2.25,3
Bearings,43.25,4
Bearings,43.25,8
Air Filters,2.25,14
Bearings,43.25,2
Air Filters,2.25,31
Bearings,43.25,27
Bearings,43.25,5
Air Filters,2.25,27
Air Filters,2.25,25
Air Filters,2.25,2
Air Filters,2.25,14
Bearings,43.25,5
Bearings,43.25,40
Fan Belt,3.59,2
Fan Belt,3.59,35
Timing Belts,34.95,7
Bearings,43.25,6
Fan Belt,3.59,25
Fan Belt,3.59,18
Fan Belt,3.59,31
Timing Belts,34.95,39
Bearings,43.25,9
Fan Belt,3.59,26
Bearings,43.25,25
Air Filters,2.25,2
Bearings,43.25,2
Fan Belt,3.59,10
Air Filters,2.25,39
Timing Belts,34.95,12
Timing Belts,34.95,9
Timing Belts,34.95,32
Air Filters,2.25,6
Bearings,43.25,15
Bearings,43.25,10
Fan Belt,3.59,1
Fan Belt,3.59,35
Fan Belt,3.59,22
Bearings,43.25,11
Air Filters,2.25,23
Bearings,43.25,5
Fan Belt,3.59,21
Timing Belts,34.95,21
Fan Belt,3.59,23
Timing Belts,34.95,37
Air Filters,2.25,10
Timing Belts,34.95,22
Bearings,43.25,31
Fan Belt,3.59,23
Timing Belts,34.95,7
Air Filters,2.25,11
Fan Belt,3.59,8
Fan Belt,3.59,10
Bearings,43.25,21
Air Filters,2.25,2
Bearings,43.25,21
Fan Belt,3.59,14
Air Filters,2.25,20
Air Filters,2.25,18
Bearings,43.25,27
Air Filters,2.25,1
Timing Belts,34.95,21
Timing Belts,34.95,40
Timing Belts,34.95,34
Air Filters,2.25,16
Air Filters,2.25,2
Air Filters,2.25,33
Timing Belts,34.95,8
Bearings,43.25,10
Bearings,43.25,27
Electronic Board,125,29
Fan Belt,3.59,2
Timing Belts,34.95,34
Timing Belts,34.95,9
Bearings,43.25,30
Bearings,43.25,18
Fan Belt,3.59,22
Bearings,43.25,28
Bearings,43.25,24
Timing Belts,34.95,33
Fan Belt,3.59,22
Fan Belt,3.59,24
Bearings,43.25,9
Bearings,43.25,28
Bearings,43.25,13
Bearings,43.25,23
Air Filters,2.25,18
Air Filters,2.25,15
Fan Belt,3.59,19
Fan Belt,3.59,19
Bearings,43.25,16
Fan Belt,3.59,11
Timing Belts,34.95,14
Fan Belt,3.59,20
Air Filters,2.25,7
Timing Belts,34.95,9
Fan Belt,3.59,13
Electronic Board,125,18
Bearings,43.25,3
Bearings,43.25,14
Bearings,43.25,37
Fan Belt,3.59,5
Air Filters,2.25,34
Fan Belt,3.59,7
Timing Belts,34.95,24
Bearings,43.25,29
Timing Belts,34.95,13
Fan Belt,3.59,22
Timing Belts,34.95,37
Timing Belts,34.95,1
Timing Belts,34.95,15
Air Filters,2.25,16
Bearings,43.25,20
Bearings,43.25,33
Air Filters,2.25,14
Fan Belt,3.59,26
Air Filters,2.25,22
Air Filters,2.25,25
Timing Belts,34.95,22
Fan Belt,3.59,25
Bearings,43.25,24
Bearings,43.25,16
Fan Belt,3.59,3
Timing Belts,34.95,15
Fan Belt,3.59,8
Bearings,43.25,12
Air Filters,2.25,14
Bearings,43.25,18
Air Filters,2.25,12
Air Filters,2.25,19
Timing Belts,34.95,19
Bearings,43.25,4
Timing Belts,34.95,21
Air Filters,2.25,21
Air Filters,2.25,9
Timing Belts,34.95,34
Bearings,43.25,28
Air Filters,2.25,11
Fan Belt,3.59,33
Timing Belts,34.95,26
Fan Belt,3.59,27
Bearings,43.25,6
Air Filters,2.25,17
Timing Belts,34.95,19
Bearings,43.25,16
Electronic Board,125,30
Bearings,43.25,9
Fan Belt,3.59,17
Air Filters,2.25,17
Bearings,43.25,39
Air Filters,2.25,15
Bearings,43.25,13
Air Filters,2.25,23
Bearings,43.25,20
Timing Belts,34.95,25
Timing Belts,34.95,37
Fan Belt,3.59,5
Bearings,43.25,32
Fan Belt,3.59,16
Fan Belt,3.59,29
Air Filters,2.25,31
Air Filters,2.25,15
Air Filters,2.25,19
Timing Belts,34.95,28
Timing Belts,34.95,14
Fan Belt,3.59,40
Fan Belt,3.59,34
Timing Belts,34.95,16
Air Filters,2.25,16
Fan Belt,3.59,10
Fan Belt,3.59,36
Fan Belt,3.59,23
Fan Belt,3.59,34
Timing Belts,34.95,25
Air Filters,2.25,3
Timing Belts,34.95,39
Air Filters,2.25,13
Timing Belts,34.95,33
Timing Belts,34.95,29
Bearings,43.25,36
Bearings,43.25,22
Fan Belt,3.59,27
Timing Belts,34.95,16
Timing Belts,34.95,16
Timing Belts,34.95,21
Timing Belts,34.95,24
Bearings,43.25,37
Bearings,43.25,10
Fan Belt,3.59,26
Fan Belt,3.59,9
Fan Belt,3.59,40
Bearings,43.25,7
Bearings,43.25,16
Timing Belts,34.95,35
Bearings,43.25,12
Fan Belt,3.59,28
Air Filters,2.25,32
Bearings,43.25,38
Electronic Board,125,8
Fan Belt,3.59,29
Air Filters,2.25,37
Timing Belts,34.95,12
Timing Belts,34.95,39
Bearings,43.25,24
Fan Belt,3.59,19
Bearings,43.25,7
Air Filters,2.25,11
Timing Belts,34.95,34
Fan Belt,3.59,27
Fan Belt,3.59,1
Air Filters,2.25,35
Timing Belts,34.95,26
Air Filters,2.25,8
Air Filters,2.25,18
Fan Belt,3.59,32
Fan Belt,3.59,31
Bearings,43.25,2
Fan Belt,3.59,12
Bearings,43.25,29
Timing Belts,34.95,15
Bearings,43.25,5
Bearings,43.25,12
Air Filters,2.25,27
Timing Belts,34.95,5
Timing Belts,34.95,36
Bearings,43.25,29
Bearings,43.25,32
Fan Belt,3.59,31
Timing Belts,34.95,18
Timing Belts,34.95,32
Air Filters,2.25,16
Timing Belts,34.95,3
Fan Belt,3.59,26
Bearings,43.25,13
Bearings,43.25,31
Bearings,43.25,23
Timing Belts,34.95,11
Fan Belt,3.59,14
Air Filters,2.25,1
Fan Belt,3.59,32
Bearings,43.25,1
Bearings,43.25,35
Timing Belts,34.95,3
Timing Belts,34.95,25
Bearings,43.25,13
Air Filters,2.25,6
Air Filters,2.25,35
Bearings,43.25,28
Bearings,43.25,3
Fan Belt,3.59,16
Air Filters,2.25,21
Bearings,43.25,18
Air Filters,2.25,28
Air Filters,2.25,28
Air Filters,2.25,31
Fan Belt,3.59,8
Air Filters,2.25,21
Air Filters,2.25,14
Timing Belts,34.95,35
Bearings,43.25,23
Fan Belt,3.59,20
Bearings,43.25,30
Fan Belt,3.59,16
Timing Belts,34.95,1
Fan Belt,3.59,39
Bearings,43.25,8
Timing Belts,34.95,18
Bearings,43.25,9
Timing Belts,34.95,23
Air Filters,2.25,18
Bearings,43.25,29
Fan Belt,3.59,25
Bearings,43.25,25
Air Filters,2.25,39
Bearings,43.25,36
Timing Belts,34.95,5
Bearings,43.25,33
Fan Belt,3.59,2
Fan Belt,3.59,28
Bearings,43.25,29
Bearings,43.25,27
Bearings,43.25,22
Timing Belts,34.95,31
Bearings,43.25,38
Bearings,43.25,32
Timing Belts,34.95,4
Bearings,43.25,25
Air Filters,2.25,4
Fan Belt,3.59,10
Timing Belts,34.95,7
Fan Belt,3.59,26
Bearings,43.25,38
Bearings,43.25,36
Timing Belts,34.95,19
Timing Belts,34.95,3
Air Filters,2.25,34
Bearings,43.25,34
Fan Belt,3.59,27
Fan Belt,3.59,33
Air Filters,2.25,13
Bearings,43.25,22
Air Filters,2.25,11
Bearings,43.25,12
Timing Belts,34.95,19
Fan Belt,3.59,28
Air Filters,2.25,10
Air Filters,2.25,28
Bearings,43.25,19
Bearings,43.25,17
Bearings,43.25,22
Fan Belt,3.59,15
Bearings,43.25,28
Bearings,43.25,18
Bearings,43.25,35
Bearings,43.25,3
Bearings,43.25,20
Fan Belt,3.59,16
Air Filters,2.25,6
Bearings,43.25,12
Timing Belts,34.95,2
Bearings,43.25,23
Bearings,43.25,34
Air Filters,2.25,28
Fan Belt,3.59,7
Bearings,43.25,8
Bearings,43.25,29
Fan Belt,3.59,21
Air Filters,2.25,14
Timing Belts,34.95,34
Fan Belt,3.59,13
Fan Belt,3.59,1
Fan Belt,3.59,2
Bearings,43.25,8
Air Filters,2.25,4
Bearings,43.25,37
Fan Belt,3.59,29
Air Filters,2.25,24
Bearings,43.25,20
Bearings,43.25,13
Fan Belt,3.59,15
Bearings,43.25,9
Timing Belts,34.95,31
Air Filters,2.25,4
Fan Belt,3.59,37
Fan Belt,3.59,18
Timing Belts,34.95,1
Air Filters,2.25,3
Bearings,43.25,3
Timing Belts,34.95,28
Bearings,43.25,32
Bearings,43.25,2
Timing Belts,34.95,37
Timing Belts,34.95,8
Air Filters,2.25,18
Air Filters,2.25,18
Fan Belt,3.59,28
Air Filters,2.25,11
Timing Belts,34.95,10
Bearings,43.25,26
Timing Belts,34.95,21
Fan Belt,3.59,14
Bearings,43.25,39
Bearings,43.25,2
Bearings,43.25,26
Timing Belts,34.95,12
Electronic Board,125,16
Timing Belts,34.95,40
Fan Belt,3.59,4
Bearings,43.25,38
Bearings,43.25,22
Fan Belt,3.59,39
Bearings,43.25,3
Bearings,43.25,1
Bearings,43.25,38
Air Filters,2.25,2
Fan Belt,3.59,13
Timing Belts,34.95,3
Bearings,43.25,30
Fan Belt,3.59,22
Air Filters,2.25,35
Bearings,43.25,16
Air Filters,2.25,8
Bearings,43.25,19
Timing Belts,34.95,26
Air Filters,2.25,31
Bearings,43.25,10
Bearings,43.25,17
Timing Belts,34.95,31
Air Filters,2.25,21
Air Filters,2.25,9
Air Filters,2.25,13
Timing Belts,34.95,9
Timing Belts,34.95,27
Timing Belts,34.95,8
Bearings,43.25,27
Timing Belts,34.95,13
Bearings,43.25,15
Bearings,43.25,11
Bearings,43.25,40
Fan Belt,3.59,38
Bearings,43.25,17
Fan Belt,3.59,28
Air Filters,2.25,18
Air Filters,2.25,40
Air Filters,2.25,5
Timing Belts,34.95,11
Bearings,43.25,24
Bearings,43.25,17
Fan Belt,3.59,6
Air Filters,2.25,22
Air Filters,2.25,6
Fan Belt,3.59,33
Electronic Board,125,20
Bearings,43.25,20
Fan Belt,3.59,9
Timing Belts,34.95,5
Bearings,43.25,37
Air Filters,2.25,33
Bearings,43.25,20
Timing Belts,34.95,23
Bearings,43.25,22
Fan Belt,3.59,15
Timing Belts,34.95,12
Air Filters,2.25,8
Timing Belts,34.95,19
Timing Belts,34.95,27
Timing Belts,34.95,12
Bearings,43.25,39
Timing Belts,34.95,22
Timing Belts,34.95,23
Air Filters,2.25,34
Fan Belt,3.59,20
Bearings,43.25,30
Air Filters,2.25,1
Bearings,43.25,26
Bearings,43.25,19
Fan Belt,3.59,30
Fan Belt,3.59,25
Timing Belts,34.95,27
Air Filters,2.25,24
Fan Belt,3.59,16
Bearings,43.25,11
Bearings,43.25,23
Fan Belt,3.59,34
Timing Belts,34.95,1
Bearings,43.25,34
Timing Belts,34.95,40
Timing Belts,34.95,17
Bearings,43.25,36
Bearings,43.25,28
Bearings,43.25,5
Air Filters,2.25,5
Timing Belts,34.95,10
Timing Belts,34.95,27
Air Filters,2.25,12
Bearings,43.25,30
Timing Belts,34.95,10
Air Filters,2.25,18
Air Filters,2.25,38
Bearings,43.25,18
Bearings,43.25,8
Fan Belt,3.59,33
Bearings,43.25,31
Fan Belt,3.59,31
Timing Belts,34.95,7
Bearings,43.25,11
Timing Belts,34.95,37
Air Filters,2.25,10
Bearings,43.25,26
Bearings,43.25,7
Air Filters,2.25,10
Fan Belt,3.59,33
Timing Belts,34.95,19
Timing Belts,34.95,29
Timing Belts,34.95,5
Fan Belt,3.59,6
Bearings,43.25,31
Fan Belt,3.59,40
Air Filters,2.25,7
Bearings,43.25,27
Bearings,43.25,7
Bearings,43.25,1
Fan Belt,3.59,27
Bearings,43.25,22
Air Filters,2.25,36
Timing Belts,34.95,35
Air Filters,2.25,10
Air Filters,2.25,35
Fan Belt,3.59,39
Timing Belts,34.95,29
Bearings,43.25,22
Bearings,43.25,5
Air Filters,2.25,5
Air Filters,2.25,40
Air Filters,2.25,25
Bearings,43.25,3
Bearings,43.25,10
Fan Belt,3.59,38
Air Filters,2.25,22
Bearings,43.25,39
Air Filters,2.25,5
Fan Belt,3.59,33
Fan Belt,3.59,38
Air Filters,2.25,23
Timing Belts,34.95,8
Bearings,43.25,2
Timing Belts,34.95,1
Bearings,43.25,6
Fan Belt,3.59,37
Air Filters,2.25,30
Bearings,43.25,14
Bearings,43.25,20
Air Filters,2.25,32
Bearings,43.25,4
Fan Belt,3.59,6
Bearings,43.25,1
Air Filters,2.25,33
Bearings,43.25,18
Bearings,43.25,23
Fan Belt,3.59,38
Air Filters,2.25,6
Air Filters,2.25,28
Fan Belt,3.59,35
Bearings,43.25,28
Timing Belts,34.95,37
Fan Belt,3.59,30
Air Filters,2.25,9
Air Filters,2.25,28
Fan Belt,3.59,17
Air Filters,2.25,1
Timing Belts,34.95,2
Air Filters,2.25,19
Bearings,43.25,1
Timing Belts,34.95,29
Fan Belt,3.59,34
Bearings,43.25,28
Fan Belt,3.59,38
Timing Belts,34.95,36
Fan Belt,3.59,3
Bearings,43.25,1
Bearings,43.25,23
Timing Belts,34.95,7
Air Filters,2.25,2
Fan Belt,3.59,21
Timing Belts,34.95,36
Bearings,43.25,3
Air Filters,2.25,37
Air Filters,2.25,35
Air Filters,2.25,11
Fan Belt,3.59,27
Bearings,43.25,7
Timing Belts,34.95,10
Bearings,43.25,40
Fan Belt,3.59,35
Bearings,43.25,36
Bearings,43.25,18
Bearings,43.25,16
Fan Belt,3.59,34
Bearings,43.25,15
Timing Belts,34.95,16
Fan Belt,3.59,4
Timing Belts,34.95,15
Bearings,43.25,14
Bearings,43.25,12
Fan Belt,3.59,1
Fan Belt,3.59,28
Timing Belts,34.95,24
Fan Belt,3.59,1
Bearings,43.25,3
Air Filters,2.25,22
Fan Belt,3.59,16
Air Filters,2.25,16
Bearings,43.25,22
Air Filters,2.25,10
Bearings,43.25,10
Fan Belt,3.59,25
Timing Belts,34.95,35
Bearings,43.25,21
Timing Belts,34.95,39
Fan Belt,3.59,8
Bearings,43.25,30
Fan Belt,3.59,15
Fan Belt,3.59,1
Timing Belts,34.95,36
Fan Belt,3.59,38
Air Filters,2.25,26
Timing Belts,34.95,4
Timing Belts,34.95,27
Bearings,43.25,23
Bearings,43.25,22
Air Filters,2.25,19
Air Filters,2.25,6
Timing Belts,34.95,7
Fan Belt,3.59,38
Air Filters,2.25,12
Timing Belts,34.95,9
Air Filters,2.25,2
Air Filters,2.25,26
Timing Belts,34.95,20
Fan Belt,3.59,10
Air Filters,2.25,8
Bearings,43.25,32
Bearings,43.25,6
Air Filters,2.25,33
Bearings,43.25,14
Fan Belt,3.59,18
Electronic Board,125,13
Timing Belts,34.95,8
Air Filters,2.25,25
Fan Belt,3.59,34
Air Filters,2.25,38
Timing Belts,34.95,12
Fan Belt,3.59,2
Timing Belts,34.95,36
Air Filters,2.25,35
Air Filters,2.25,9
Bearings,43.25,40
Air Filters,2.25,19
Fan Belt,3.59,26
Timing Belts,34.95,3
Timing Belts,34.95,37
Bearings,43.25,19
Timing Belts,34.95,37
Bearings,43.25,31
Air Filters,2.25,5
Timing Belts,34.95,21
Bearings,43.25,40
Air Filters,2.25,34
Bearings,43.25,11
Air Filters,2.25,15
Fan Belt,3.59,34
Air Filters,2.25,16
Fan Belt,3.59,40
Timing Belts,34.95,37
Fan Belt,3.59,37
Bearings,43.25,11
Bearings,43.25,32
Fan Belt,3.59,30
Air Filters,2.25,7
Bearings,43.25,19
Fan Belt,3.59,9
Air Filters,2.25,7
Air Filters,2.25,23
Timing Belts,34.95,12
Timing Belts,34.95,14
Air Filters,2.25,20
Timing Belts,34.95,8
Bearings,43.25,24
Air Filters,2.25,38
Timing Belts,34.95,18
Fan Belt,3.59,38
Air Filters,2.25,16
Air Filters,2.25,3
Air Filters,2.25,2
Fan Belt,3.59,4
Fan Belt,3.59,39
Fan Belt,3.59,26
Air Filters,2.25,18
Fan Belt,3.59,34
Timing Belts,34.95,35
Fan Belt,3.59,6
Bearings,43.25,37
Air Filters,2.25,37
Timing Belts,34.95,3
Bearings,43.25,23
Timing Belts,34.95,36
Timing Belts,34.95,25
Air Filters,2.25,37
Fan Belt,3.59,3
Fan Belt,3.59,25
Timing Belts,34.95,12
Bearings,43.25,29
Bearings,43.25,6
Air Filters,2.25,18
Air Filters,2.25,16
Fan Belt,3.59,10
Bearings,43.25,8
Fan Belt,3.59,24
Bearings,43.25,24
Fan Belt,3.59,16
Bearings,43.25,1
Timing Belts,34.95,8
Bearings,43.25,31
Fan Belt,3.59,34
Fan Belt,3.59,22
Bearings,43.25,14
Air Filters,2.25,2
Fan Belt,3.59,7
Bearings,43.25,28
Air Filters,2.25,4
Bearings,43.25,33
Timing Belts,34.95,14
Timing Belts,34.95,38
Air Filters,2.25,22
Fan Belt,3.59,9
Bearings,43.25,19
Fan Belt,3.59,33
Fan Belt,3.59,20
Bearings,43.25,2
Air Filters,2.25,8
Fan Belt,3.59,19
Bearings,43.25,25
Air Filters,2.25,25
Timing Belts,34.95,25
Bearings,43.25,17
Air Filters,2.25,38
Air Filters,2.25,5
Fan Belt,3.59,16
Bearings,43.25,17
Fan Belt,3.59,36
Air Filters,2.25,15
Timing Belts,34.95,21
Electronic Board,125,28
Bearings,43.25,28
Bearings,43.25,9
Fan Belt,3.59,7
Bearings,43.25,30
Bearings,43.25,25
Fan Belt,3.59,8
Timing Belts,34.95,23
Air Filters,2.25,22
Timing Belts,34.95,20
Timing Belts,34.95,5
Fan Belt,3.59,23
Timing Belts,34.95,31
Fan Belt,3.59,14
Air Filters,2.25,39
Bearings,43.25,37
Bearings,43.25,20
Air Filters,2.25,15
Bearings,43.25,3
Timing Belts,34.95,5
Air Filters,2.25,32
Bearings,43.25,34
Air Filters,2.25,35
Timing Belts,34.95,29
Timing Belts,34.95,17
Air Filters,2.25,4
Timing Belts,34.95,1
Air Filters,2.25,2
Timing Belts,34.95,19
Bearings,43.25,27
Bearings,43.25,38
Bearings,43.25,28
Timing Belts,34.95,8
Fan Belt,3.59,35
Fan Belt,3.59,20
Timing Belts,34.95,6
Timing Belts,34.95,12
Fan Belt,3.59,24
Bearings,43.25,16
Bearings,43.25,36
Bearings,43.25,33
Bearings,43.25,13
Air Filters,2.25,1
Fan Belt,3.59,33
Timing Belts,34.95,11
Fan Belt,3.59,37
Bearings,43.25,32
Timing Belts,34.95,24
Fan Belt,3.59,1
Bearings,43.25,7
Fan Belt,3.59,20
Air Filters,2.25,39
Timing Belts,34.95,28
Bearings,43.25,35
Bearings,43.25,6
Air Filters,2.25,27
Air Filters,2.25,36
Timing Belts,34.95,40
Timing Belts,34.95,6
Timing Belts,34.95,33
Bearings,43.25,7
Fan Belt,3.59,2
Bearings,43.25,18
Bearings,43.25,16
Air Filters,2.25,40
Bearings,43.25,31
Fan Belt,3.59,37
Bearings,43.25,14
Bearings,43.25,14
Bearings,43.25,29
Air Filters,2.25,1
Air Filters,2.25,5
Air Filters,2.25,19
Bearings,43.25,4
Fan Belt,3.59,35
Air Filters,2.25,39
Bearings,43.25,12
Bearings,43.25,11
Bearings,43.25,20
Timing Belts,34.95,18
Air Filters,2.25,16
Fan Belt,3.59,29
Bearings,43.25,12
Fan Belt,3.59,2
Air Filters,2.25,4
Air Filters,2.25,40
Bearings,43.25,36
Fan Belt,3.59,2
Timing Belts,34.95,37
Bearings,43.25,18
Bearings,43.25,7
Air Filters,2.25,27
Fan Belt,3.59,25
Fan Belt,3.59,18
Fan Belt,3.59,23
Fan Belt,3.59,34
Bearings,43.25,36
Bearings,43.25,34
Fan Belt,3.59,30
Bearings,43.25,11
Timing Belts,34.95,30
Air Filters,2.25,21
Fan Belt,3.59,9
Electronic Board,125,34
Timing Belts,34.95,16
Fan Belt,3.59,26
Fan Belt,3.59,18
Air Filters,2.25,40
Air Filters,2.25,14
Fan Belt,3.59,8
Bearings,43.25,39
Bearings,43.25,26
Air Filters,2.25,22
Timing Belts,34.95,8
Bearings,43.25,3
Timing Belts,34.95,20
Bearings,43.25,35
Air Filters,2.25,13
Timing Belts,34.95,5
Air Filters,2.25,1
Timing Belts,34.95,34
Air Filters,2.25,20
Bearings,43.25,20
Bearings,43.25,35
Bearings,43.25,15
Air Filters,2.25,1
Air Filters,2.25,8
Fan Belt,3.59,31
Bearings,43.25,25
Bearings,43.25,18
Fan Belt,3.59,20
Fan Belt,3.59,20
Bearings,43.25,2
Bearings,43.25,21
Timing Belts,34.95,21
Air Filters,2.25,6
Air Filters,2.25,27
Bearings,43.25,38
Air Filters,2.25,14
Fan Belt,3.59,3
Fan Belt,3.59,39
Bearings,43.25,26
Timing Belts,34.95,16
Air Filters,2.25,1
Bearings,43.25,27
Bearings,43.25,7
Air Filters,2.25,19
Air Filters,2.25,32
Bearings,43.25,29
Air Filters,2.25,17
Timing Belts,34.95,40
Air Filters,2.25,36
Timing Belts,34.95,2
Bearings,43.25,11
Bearings,43.25,30
Timing Belts,34.95,11
Timing Belts,34.95,28
Bearings,43.25,3
Fan Belt,3.59,17
Timing Belts,34.95,27
Bearings,43.25,22
Air Filters,2.25,6
Electronic Board,125,19
Bearings,43.25,6
Air Filters,2.25,31
Timing Belts,34.95,1
Bearings,43.25,21
Fan Belt,3.59,17
Bearings,43.25,12
Bearings,43.25,9
Timing Belts,34.95,40
